org_id.value,Total_Actividades,Total_Llamadas,Llamadas_Efectivas,Llamadas_No_Efectivas,WA_Seguimiento,Kickoff_Hechas,Kickoff_Canceladas,Capacitaciones_Hechas,Capacitaciones_Canceladas,Tipo Primera Capacitaci√≥n,Onboarding,(C) (EXP) Plazo y Pago,Churn Comercial
515.0,8,3,2,1,1,1,1,0,2,Hecha,No Finalizado,Anual,0
574.0,5,1,0,1,0,1,1,0,2,Hecha,No Finalizado,Anual,0
1625.0,17,4,1,3,11,0,1,1,0,Hecha,Finalizado,Anual,0
1960.0,9,0,0,0,2,1,0,4,2,Hecha,Finalizado,Mensual,0
2249.0,4,0,0,0,0,1,0,2,1,Hecha,No Finalizado,Anual,0
3120.0,1,0,0,0,0,0,0,1,0,Hecha,No Finalizado,Anual,0
3266.0,1,0,0,0,0,0,0,1,0,Hecha,No Finalizado,Anual,0
4490.0,1,0,0,0,0,1,0,0,0,No tuvo,No Finalizado,Anual,0
4846.0,3,0,0,0,0,0,0,2,1,Hecha,No Finalizado,Anual,0
5181.0,9,1,1,0,5,0,0,3,0,Hecha,No Finalizado,Anual,0
5635.0,5,2,1,1,1,1,0,0,1,Hecha,No Finalizado,Anual,0
5929.0,3,1,1,0,1,0,0,1,0,Hecha,No Finalizado,Anual,0
6254.0,1,1,0,1,0,0,0,0,0,No tuvo,No Finalizado,Anual,0
6625.0,2,1,0,1,0,1,0,0,0,No tuvo,No Finalizado,Anual,0
6866.0,5,0,0,0,0,1,0,4,0,Hecha,No Finalizado,Anual,0
7712.0,1,0,0,0,0,1,0,0,0,No tuvo,No Finalizado,Anual,0
8446.0,10,3,3,0,1,0,0,6,0,Hecha,Finalizado,Anual,0
8875.0,7,1,1,0,0,1,0,4,1,Hecha,No Finalizado,Anual,0
8977.0,16,5,3,2,6,1,1,3,0,Hecha,No Finalizado,Mensual,0
8994.0,4,0,0,0,3,0,0,1,0,Hecha,No Finalizado,Anual,0
9842.0,4,4,1,3,0,0,0,0,0,No tuvo,No Finalizado,Mensual,0
9971.0,6,3,0,3,1,1,0,1,0,Hecha,No Finalizado,Mensual,0
10495.0,1,0,0,0,0,0,0,1,0,Hecha,No Finalizado,Mensual,0
11006.0,10,3,2,1,3,1,1,2,0,Hecha,No Finalizado,Anual,0
11297.0,4,2,0,2,1,1,0,0,0,No tuvo,No Finalizado,Anual,0
11790.0,12,7,2,5,5,0,0,0,0,No tuvo,No Finalizado,Mensual,1
11979.0,8,1,1,0,4,0,0,2,1,Hecha,No Finalizado,Anual,0
13244.0,8,1,0,1,7,0,0,0,0,No tuvo,Finalizado,Mensual,0
13303.0,6,3,0,3,3,0,0,0,0,No tuvo,Finalizado,Mensual,1
13466.0,2,0,0,0,0,1,0,1,0,Hecha,No Finalizado,Anual,0
13600.0,5,1,1,0,2,0,0,1,1,Hecha,No Finalizado,Anual,0
14393.0,1,0,0,0,0,1,0,0,0,No tuvo,No Finalizado,Mensual,0
14643.0,5,1,1,0,4,0,0,0,0,No tuvo,Finalizado,Anual,0
15666.0,5,2,0,2,1,1,0,0,1,Hecha,No Finalizado,Anual,0
16187.0,3,0,0,0,3,0,0,0,0,No tuvo,No Finalizado,Mensual,0
16323.0,7,1,1,0,0,1,0,5,0,Hecha,No Finalizado,Anual,0
16357.0,1,0,0,0,1,0,0,0,0,No tuvo,Finalizado,Anual,0
16525.0,2,0,0,0,0,1,0,0,1,Hecha,No Finalizado,Anual,0
16801.0,11,0,0,0,0,2,0,8,1,Hecha,No Finalizado,Anual,0
16803.0,2,2,2,0,0,0,0,0,0,No tuvo,No Finalizado,Anual,0
17853.0,4,1,1,0,1,0,0,2,0,Hecha,No Finalizado,Mensual,0
18157.0,5,0,0,0,4,0,0,1,0,Hecha,Finalizado,Mensual,0
18318.0,1,0,0,0,0,1,0,0,0,No tuvo,No Finalizado,Anual,0
18839.0,12,4,3,1,7,0,0,1,0,Hecha,Finalizado,Mensual,0
19418.0,2,1,1,0,1,0,0,0,0,No tuvo,Finalizado,Anual,0
20467.0,2,0,0,0,0,0,0,2,0,Hecha,No Finalizado,Anual,0
21240.0,3,0,0,0,0,0,0,3,0,Hecha,No Finalizado,Anual,0
21928.0,20,8,2,6,5,0,1,3,3,Hecha,No Finalizado,Mensual,1
22300.0,1,0,0,0,0,1,0,0,0,No tuvo,No Finalizado,Anual,0
22928.0,1,0,0,0,0,1,0,0,0,No tuvo,No Finalizado,Anual,0
23853.0,20,4,1,3,0,1,0,12,3,Hecha,No Finalizado,Anual,0
24066.0,10,4,2,2,6,0,0,0,0,No tuvo,Finalizado,Mensual,0
25099.0,31,14,2,12,16,1,0,0,0,No tuvo,No Finalizado,Mensual,0
25239.0,1,0,0,0,0,1,0,0,0,No tuvo,No Finalizado,Anual,0
25986.0,4,0,0,0,0,1,0,3,0,Hecha,No Finalizado,Anual,0
26138.0,1,0,0,0,0,1,0,0,0,No tuvo,No Finalizado,Anual,0
26622.0,7,3,2,1,1,0,0,2,1,Hecha,No Finalizado,Anual,0
26808.0,10,5,0,5,4,1,0,0,0,No tuvo,No Finalizado,Anual,0
27351.0,1,0,0,0,0,1,0,0,0,No tuvo,No Finalizado,Anual,0
27865.0,2,1,1,0,0,0,0,1,0,Hecha,No Finalizado,Anual,0
28877.0,8,0,0,0,5,1,0,1,1,Hecha,Finalizado,Mensual,0
29676.0,6,0,0,0,0,1,1,2,2,Hecha,No Finalizado,Anual,0
32063.0,2,0,0,0,0,0,0,1,1,Hecha,No Finalizado,Anual,0
32334.0,4,0,0,0,0,1,0,3,0,Hecha,No Finalizado,Anual,0
32684.0,3,0,0,0,0,1,0,1,1,Hecha,No Finalizado,Anual,0
33490.0,1,0,0,0,0,0,0,1,0,Hecha,No Finalizado,Anual,0
33844.0,12,0,0,0,7,0,0,4,1,Hecha,No Finalizado,Anual,0
33887.0,2,0,0,0,0,1,0,1,0,Hecha,No Finalizado,Mensual,1
34079.0,3,0,0,0,0,1,0,1,1,Hecha,No Finalizado,Anual,0
34566.0,4,0,0,0,1,0,1,2,0,Hecha,Finalizado,Mensual,0
34812.0,12,3,2,1,8,1,0,0,0,No tuvo,No Finalizado,Anual,0
35745.0,14,11,5,6,3,0,0,0,0,No tuvo,No Finalizado,Anual,0
35764.0,1,0,0,0,0,1,0,0,0,No tuvo,No Finalizado,Mensual,1
35984.0,2,0,0,0,0,1,0,1,0,Hecha,No Finalizado,Anual,0
36107.0,6,0,0,0,0,1,0,1,4,Hecha,No Finalizado,Anual,0
36248.0,8,0,0,0,6,1,0,1,0,Hecha,No Finalizado,Anual,0
36345.0,3,0,0,0,0,0,0,2,1,Hecha,No Finalizado,Anual,0
36382.0,1,0,0,0,0,0,0,0,1,Hecha,No Finalizado,Anual,0
36579.0,2,1,0,1,0,1,0,0,0,No tuvo,No Finalizado,Anual,0
36743.0,6,1,0,1,0,0,1,3,1,Hecha,No Finalizado,Anual,0
37164.0,2,1,1,0,0,0,1,0,0,No tuvo,No Finalizado,Anual,0
37407.0,1,0,0,0,0,1,0,0,0,No tuvo,No Finalizado,Anual,0
37990.0,1,0,0,0,0,1,0,0,0,No tuvo,No Finalizado,Anual,0
38055.0,2,0,0,0,0,1,0,1,0,Hecha,No Finalizado,Anual,0
38595.0,1,1,0,1,0,0,0,0,0,No tuvo,No Finalizado,Anual,0
39188.0,12,9,1,8,2,0,0,0,1,Hecha,No Finalizado,Mensual,1
39608.0,3,0,0,0,1,0,0,1,1,Hecha,No Finalizado,Anual,0
39917.0,2,1,0,1,1,0,0,0,0,No tuvo,No Finalizado,Anual,0
40762.0,1,0,0,0,0,1,0,0,0,No tuvo,No Finalizado,Anual,0
40782.0,2,0,0,0,0,0,0,2,0,Hecha,No Finalizado,Anual,0
40803.0,25,8,2,6,17,0,0,0,0,No tuvo,Finalizado,Mensual,0
41174.0,3,0,0,0,0,1,0,2,0,Hecha,No Finalizado,Anual,0
41349.0,4,0,0,0,1,1,0,2,0,Hecha,No Finalizado,Anual,0
41601.0,8,0,0,0,5,1,1,1,0,Hecha,No Finalizado,Anual,0
41661.0,5,1,1,0,3,0,0,1,0,Hecha,No Finalizado,Anual,0
42057.0,2,0,0,0,0,1,0,1,0,Hecha,No Finalizado,Anual,0
42088.0,3,0,0,0,0,1,0,2,0,Hecha,No Finalizado,Anual,0
42152.0,5,2,0,2,3,0,0,0,0,No tuvo,Finalizado,Anual,0
42491.0,1,0,0,0,0,1,0,0,0,No tuvo,No Finalizado,Mensual,1
42588.0,2,0,0,0,1,0,1,0,0,No tuvo,No Finalizado,Anual,0
42743.0,9,4,1,3,4,0,0,1,0,Hecha,Finalizado,Mensual,0
42944.0,6,3,1,2,0,1,1,1,0,Hecha,No Finalizado,Anual,0
43082.0,1,0,0,0,0,1,0,0,0,No tuvo,No Finalizado,Mensual,1
43176.0,1,0,0,0,0,1,0,0,0,No tuvo,No Finalizado,Anual,0
43213.0,1,0,0,0,0,1,0,0,0,No tuvo,No Finalizado,Mensual,0
43723.0,17,0,0,0,0,1,0,11,5,Hecha,No Finalizado,Anual,0
44087.0,7,0,0,0,0,1,0,5,1,Hecha,No Finalizado,Anual,0
52360.0,19,5,3,2,13,0,0,1,0,Hecha,No Finalizado,Anual,0
52959.0,1,0,0,0,1,0,0,0,0,No tuvo,Finalizado,Anual,0
57534.0,6,3,3,0,2,0,0,1,0,Hecha,No Finalizado,Anual,0
58709.0,8,4,1,3,3,0,0,1,0,Hecha,No Finalizado,Mensual,0
66678.0,1,0,0,0,1,0,0,0,0,No tuvo,No Finalizado,Anual,0
76246.0,3,1,1,0,0,0,0,2,0,Hecha,Finalizado,Anual,0
78936.0,2,0,0,0,0,1,1,0,0,No tuvo,No Finalizado,Anual,0
78999.0,4,0,0,0,1,1,0,2,0,Hecha,No Finalizado,Anual,0
79029.0,17,8,2,6,8,0,0,0,1,Hecha,No Finalizado,Mensual,1
79056.0,2,0,0,0,0,1,0,1,0,Hecha,No Finalizado,Anual,0
82560.0,8,1,1,0,0,0,0,7,0,Hecha,Finalizado,Anual,0
83979.0,13,7,3,4,4,1,0,0,1,Hecha,No Finalizado,Mensual,1
84813.0,2,0,0,0,0,1,0,0,1,Hecha,No Finalizado,Anual,0
86556.0,5,2,1,1,2,1,0,0,0,No tuvo,No Finalizado,Mensual,0
87202.0,9,4,1,3,2,1,0,1,1,Hecha,No Finalizado,Anual,0
88655.0,2,0,0,0,0,1,1,0,0,No tuvo,No Finalizado,Anual,0
89294.0,10,0,0,0,8,1,0,1,0,Hecha,No Finalizado,Anual,0
89313.0,10,3,3,0,2,1,0,0,4,Hecha,No Finalizado,Anual,0
89316.0,2,0,0,0,0,1,0,1,0,Hecha,No Finalizado,Anual,0
89554.0,2,0,0,0,0,0,0,2,0,Hecha,No Finalizado,Anual,0
93958.0,3,0,0,0,0,1,1,0,1,Hecha,No Finalizado,Anual,0
96590.0,6,3,1,2,2,1,0,0,0,No tuvo,No Finalizado,Mensual,0
103377.0,1,0,0,0,1,0,0,0,0,No tuvo,No Finalizado,Anual,0
122371.0,22,12,2,10,10,0,0,0,0,No tuvo,Finalizado,Mensual,0
122385.0,2,0,0,0,0,1,0,0,1,Hecha,No Finalizado,Anual,0
123210.0,7,1,0,1,4,1,0,1,0,Hecha,No Finalizado,Anual,0
137503.0,1,0,0,0,0,1,0,0,0,No tuvo,No Finalizado,Anual,0
137649.0,6,1,0,1,0,1,0,3,1,Hecha,No Finalizado,Anual,0
139223.0,7,0,0,0,0,0,1,5,1,Hecha,No Finalizado,Anual,0
140751.0,1,1,1,0,0,0,0,0,0,No tuvo,No Finalizado,Anual,0
143838.0,5,0,0,0,4,0,0,1,0,Hecha,No Finalizado,Anual,0
160918.0,2,1,1,0,0,1,0,0,0,No tuvo,No Finalizado,Anual,0
161380.0,2,0,0,0,0,2,0,0,0,No tuvo,No Finalizado,Anual,0
164992.0,8,4,1,3,1,0,1,0,2,Hecha,No Finalizado,Anual,0
170923.0,2,0,0,0,1,1,0,0,0,No tuvo,No Finalizado,Anual,0
181294.0,1,0,0,0,0,0,0,0,1,Hecha,No Finalizado,Anual,0
181761.0,3,0,0,0,0,0,0,3,0,Hecha,No Finalizado,Anual,0
184756.0,8,1,1,0,4,0,0,3,0,Hecha,Finalizado,Anual,0
202815.0,5,0,0,0,0,1,0,3,1,Hecha,No Finalizado,Anual,0
203109.0,1,0,0,0,0,1,0,0,0,No tuvo,No Finalizado,Anual,0
203202.0,2,0,0,0,1,1,0,0,0,No tuvo,No Finalizado,Anual,0
203361.0,1,0,0,0,0,1,0,0,0,No tuvo,No Finalizado,Anual,0
203448.0,1,0,0,0,0,1,0,0,0,No tuvo,No Finalizado,Mensual,0
203499.0,2,0,0,0,0,1,1,0,0,No tuvo,No Finalizado,Anual,0
203500.0,4,2,1,1,1,1,0,0,0,No tuvo,No Finalizado,Anual,0
203591.0,12,1,0,1,8,0,2,1,0,Hecha,Finalizado,Anual,0
203594.0,1,0,0,0,0,0,0,1,0,Hecha,No Finalizado,Anual,0
203596.0,13,0,0,0,1,1,0,8,3,Hecha,No Finalizado,Anual,0
203608.0,1,0,0,0,0,0,0,0,1,Hecha,No Finalizado,Anual,0
203629.0,4,1,1,0,0,1,1,0,1,Hecha,No Finalizado,Anual,0
203630.0,3,0,0,0,0,0,0,3,0,Hecha,No Finalizado,Anual,0
203772.0,2,0,0,0,0,1,1,0,0,No tuvo,No Finalizado,Anual,0
203780.0,6,1,1,0,2,0,0,3,0,Hecha,No Finalizado,Anual,0
203795.0,3,0,0,0,0,1,0,2,0,Hecha,No Finalizado,Anual,0
203897.0,4,0,0,0,1,1,2,0,0,No tuvo,No Finalizado,Anual,0
203942.0,9,1,1,0,5,1,0,2,0,Hecha,Finalizado,Mensual,0
203964.0,3,2,1,1,0,1,0,0,0,No tuvo,No Finalizado,Anual,0
203993.0,2,0,0,0,0,1,0,1,0,Hecha,No Finalizado,Anual,0
204016.0,1,0,0,0,0,0,0,1,0,Hecha,No Finalizado,Anual,0
204048.0,1,1,0,1,0,0,0,0,0,No tuvo,No Finalizado,Anual,0
204055.0,7,4,4,0,1,1,0,1,0,Hecha,No Finalizado,Anual,0
204072.0,2,2,2,0,0,0,0,0,0,No tuvo,No Finalizado,Anual,0
204094.0,2,0,0,0,0,1,0,1,0,Hecha,No Finalizado,Anual,0
204143.0,11,3,3,0,0,1,0,5,2,Hecha,No Finalizado,Anual,0
204163.0,1,0,0,0,0,1,0,0,0,No tuvo,No Finalizado,Anual,0
204267.0,3,0,0,0,0,1,0,2,0,Hecha,No Finalizado,Anual,0
204293.0,3,1,0,1,0,1,1,0,0,No tuvo,No Finalizado,Anual,0
204302.0,2,0,0,0,0,1,1,0,0,No tuvo,No Finalizado,Anual,0
204334.0,1,0,0,0,0,0,1,0,0,No tuvo,No Finalizado,Anual,0
204360.0,1,0,0,0,0,1,0,0,0,No tuvo,No Finalizado,Anual,0
204362.0,5,2,0,2,1,1,1,0,0,No tuvo,No Finalizado,Anual,0
204385.0,9,7,0,7,1,1,0,0,0,No tuvo,No Finalizado,Anual,0
204546.0,3,0,0,0,0,1,1,1,0,Hecha,No Finalizado,Anual,0
204581.0,3,0,0,0,0,1,0,2,0,Hecha,No Finalizado,Anual,0
204638.0,12,7,5,2,5,0,0,0,0,No tuvo,Finalizado,Anual,0
204852.0,5,1,1,0,0,1,2,1,0,Hecha,No Finalizado,Anual,0
204920.0,2,0,0,0,0,1,0,1,0,Hecha,No Finalizado,Anual,0
204966.0,4,0,0,0,0,1,0,2,1,Hecha,No Finalizado,Trimestral,0
204970.0,10,2,0,2,6,1,0,1,0,Hecha,No Finalizado,Anual,0
204972.0,3,0,0,0,2,1,0,0,0,No tuvo,No Finalizado,Anual,0
205062.0,1,0,0,0,0,1,0,0,0,No tuvo,No Finalizado,Anual,0
205088.0,5,0,0,0,0,1,0,4,0,Hecha,No Finalizado,Anual,0
205136.0,5,1,1,0,1,1,0,2,0,Hecha,No Finalizado,Anual,0
205144.0,2,0,0,0,0,1,1,0,0,No tuvo,No Finalizado,Mensual,0
205193.0,1,0,0,0,0,0,1,0,0,No tuvo,No Finalizado,Anual,0
205324.0,1,0,0,0,0,1,0,0,0,No tuvo,No Finalizado,Anual,0
205388.0,10,3,1,2,6,1,0,0,0,No tuvo,No Finalizado,Anual,0
205391.0,2,0,0,0,0,1,1,0,0,No tuvo,No Finalizado,Anual,0
205498.0,11,0,0,0,10,1,0,0,0,No tuvo,No Finalizado,Anual,0
205507.0,2,0,0,0,0,1,1,0,0,No tuvo,No Finalizado,Anual,0
205593.0,3,0,0,0,2,1,0,0,0,No tuvo,No Finalizado,Anual,0
205618.0,1,0,0,0,0,0,1,0,0,No tuvo,No Finalizado,Anual,0
205677.0,1,0,0,0,0,1,0,0,0,No tuvo,No Finalizado,Anual,0
205879.0,5,2,1,1,0,0,0,1,2,Hecha,No Finalizado,Anual,0
205891.0,2,1,0,1,0,1,0,0,0,No tuvo,No Finalizado,Anual,0
205892.0,11,5,4,1,2,1,0,2,1,Hecha,No Finalizado,Anual,0
205893.0,2,0,0,0,0,1,1,0,0,No tuvo,No Finalizado,Anual,0
205906.0,2,0,0,0,0,1,0,1,0,Hecha,No Finalizado,Anual,0
205946.0,2,0,0,0,0,1,1,0,0,No tuvo,No Finalizado,Anual,0
205975.0,3,2,0,2,0,1,0,0,0,No tuvo,No Finalizado,Anual,0
205978.0,4,0,0,0,0,1,0,3,0,Hecha,No Finalizado,Anual,0
206022.0,9,3,0,3,3,1,0,1,1,Hecha,No Finalizado,Anual,0
206054.0,4,2,1,1,1,0,0,1,0,Hecha,No Finalizado,Anual,0
206104.0,1,0,0,0,0,1,0,0,0,No tuvo,No Finalizado,Mensual,1
206265.0,1,0,0,0,0,1,0,0,0,No tuvo,No Finalizado,Anual,0
206267.0,3,1,0,1,0,1,0,1,0,Hecha,No Finalizado,Anual,0
206269.0,2,1,0,1,0,1,0,0,0,No tuvo,No Finalizado,Anual,0
206281.0,4,1,1,0,0,0,0,1,2,Hecha,No Finalizado,Anual,0
206347.0,12,3,2,1,3,1,0,5,0,Hecha,No Finalizado,Anual,0
206539.0,1,0,0,0,0,1,0,0,0,No tuvo,No Finalizado,Anual,0
206563.0,2,1,0,1,0,1,0,0,0,No tuvo,No Finalizado,Anual,0
206644.0,7,0,0,0,0,1,0,4,2,Hecha,No Finalizado,Anual,0
206647.0,1,0,0,0,0,1,0,0,0,No tuvo,No Finalizado,Anual,0
206716.0,11,4,0,4,5,1,0,1,0,Hecha,No Finalizado,Anual,0
206725.0,22,17,3,14,3,1,0,0,1,Hecha,No Finalizado,Anual,0
206778.0,4,0,0,0,0,1,0,3,0,Hecha,No Finalizado,Anual,0
206787.0,5,0,0,0,1,1,0,2,1,Hecha,No Finalizado,Anual,0
206819.0,1,0,0,0,0,1,0,0,0,No tuvo,No Finalizado,Anual,0
206840.0,3,1,1,0,0,1,0,1,0,Hecha,No Finalizado,Anual,0
207079.0,8,0,0,0,2,2,0,3,1,Hecha,No Finalizado,Anual,0
207142.0,3,1,0,1,0,1,0,1,0,Hecha,No Finalizado,Anual,0
207319.0,2,0,0,0,0,1,0,1,0,Hecha,No Finalizado,Anual,0
207393.0,2,0,0,0,0,1,0,1,0,Hecha,No Finalizado,Anual,0
207428.0,6,4,3,1,1,1,0,0,0,No tuvo,No Finalizado,Anual,0
207440.0,3,0,0,0,2,1,0,0,0,No tuvo,No Finalizado,Anual,0
207806.0,1,0,0,0,0,0,1,0,0,No tuvo,No Finalizado,Mensual,1
207821.0,3,0,0,0,0,0,1,2,0,Hecha,No Finalizado,Anual,0
207846.0,5,1,1,0,3,0,0,0,1,Hecha,No Finalizado,Anual,0
207949.0,8,1,1,0,7,0,0,0,0,No tuvo,No Finalizado,Mensual,0
210560.0,1,0,0,0,0,1,0,0,0,No tuvo,No Finalizado,Anual,0
210621.0,18,1,0,1,2,1,0,13,1,Hecha,No Finalizado,Anual,0
210627.0,5,0,0,0,2,1,0,2,0,Hecha,No Finalizado,Anual,0
210644.0,5,3,3,0,2,0,0,0,0,No tuvo,No Finalizado,Anual,0
210687.0,1,0,0,0,0,0,0,1,0,Hecha,No Finalizado,Anual,0
210717.0,2,0,0,0,2,0,0,0,0,No tuvo,No Finalizado,Anual,0
210748.0,5,0,0,0,2,1,0,2,0,Hecha,No Finalizado,Anual,0
210800.0,7,1,1,0,2,1,0,2,1,Hecha,No Finalizado,Anual,0
215877.0,2,0,0,0,0,0,1,0,1,Hecha,No Finalizado,Anual,0
215878.0,10,1,1,0,2,0,0,7,0,Hecha,No Finalizado,Anual,0
215885.0,2,0,0,0,1,1,0,0,0,No tuvo,No Finalizado,Anual,0
215925.0,2,0,0,0,1,1,0,0,0,No tuvo,No Finalizado,Anual,0
216050.0,1,0,0,0,0,1,0,0,0,No tuvo,No Finalizado,Anual,0
216068.0,10,4,1,3,5,0,0,1,0,Hecha,No Finalizado,Anual,0
217497.0,2,1,1,0,0,1,0,0,0,No tuvo,No Finalizado,Anual,0
217518.0,1,0,0,0,0,1,0,0,0,No tuvo,No Finalizado,Anual,0
217521.0,4,0,0,0,2,1,0,1,0,Hecha,No Finalizado,Anual,0
217741.0,2,0,0,0,0,0,0,2,0,Hecha,No Finalizado,Anual,0
217858.0,1,0,0,0,0,1,0,0,0,No tuvo,No Finalizado,Anual,0
217861.0,1,0,0,0,0,1,0,0,0,No tuvo,No Finalizado,Anual,0
217955.0,6,0,0,0,2,1,0,2,1,Hecha,No Finalizado,Anual,0
217996.0,2,0,0,0,0,1,0,0,1,Hecha,No Finalizado,Anual,0
218011.0,4,0,0,0,4,0,0,0,0,No tuvo,No Finalizado,Anual,0
218019.0,4,2,0,2,0,1,0,1,0,Hecha,No Finalizado,Anual,0
218023.0,4,0,0,0,3,0,0,1,0,Hecha,No Finalizado,Anual,0
218031.0,9,0,0,0,0,0,0,5,4,Hecha,No Finalizado,Anual,0
218133.0,4,1,1,0,1,1,0,1,0,Hecha,No Finalizado,Anual,0
218243.0,1,0,0,0,1,0,0,0,0,No tuvo,No Finalizado,Anual,0
218264.0,11,2,0,2,7,1,0,1,0,Hecha,No Finalizado,Anual,0
218274.0,3,2,0,2,0,1,0,0,0,No tuvo,No Finalizado,Anual,0
218416.0,10,3,1,2,6,1,0,0,0,No tuvo,No Finalizado,Anual,0
218423.0,2,0,0,0,0,2,0,0,0,No tuvo,No Finalizado,Anual,0
218426.0,7,2,1,1,4,1,0,0,0,No tuvo,No Finalizado,Mensual,0
218490.0,10,3,2,1,3,1,0,1,2,Hecha,No Finalizado,Anual,0
218558.0,1,0,0,0,0,1,0,0,0,No tuvo,No Finalizado,Mensual,1
218611.0,4,1,0,1,2,1,0,0,0,No tuvo,No Finalizado,Anual,0
218630.0,7,2,0,2,3,1,0,1,0,Hecha,No Finalizado,Anual,0
218636.0,8,2,0,2,5,1,0,0,0,No tuvo,No Finalizado,Anual,0
218872.0,4,2,1,1,1,1,0,0,0,No tuvo,No Finalizado,Anual,0
218938.0,7,3,0,3,3,0,0,1,0,Hecha,No Finalizado,Mensual,0
218987.0,3,0,0,0,0,1,1,0,1,Hecha,No Finalizado,Anual,0
219178.0,3,1,1,0,0,1,0,1,0,Hecha,No Finalizado,Anual,0
219291.0,9,6,1,5,3,0,0,0,0,No tuvo,No Finalizado,Anual,0
219293.0,1,0,0,0,0,1,0,0,0,No tuvo,No Finalizado,Anual,0
219298.0,6,2,0,2,2,1,0,1,0,Hecha,No Finalizado,Anual,0
219385.0,2,0,0,0,2,0,0,0,0,No tuvo,No Finalizado,Anual,0
219392.0,2,2,1,1,0,0,0,0,0,No tuvo,Finalizado,Anual,0
219724.0,18,12,0,12,5,1,0,0,0,No tuvo,No Finalizado,Anual,0
220113.0,1,0,0,0,0,1,0,0,0,No tuvo,No Finalizado,Anual,0
220237.0,17,2,1,1,7,1,0,7,0,Hecha,No Finalizado,Mensual,0
220338.0,4,2,1,1,0,0,1,0,1,Hecha,No Finalizado,Anual,0
220420.0,5,1,0,1,1,1,0,1,1,Hecha,No Finalizado,Anual,0
220512.0,2,0,0,0,1,1,0,0,0,No tuvo,No Finalizado,Anual,0
220547.0,1,0,0,0,0,0,0,1,0,Hecha,No Finalizado,Anual,0
220601.0,4,2,2,0,0,1,0,1,0,Hecha,No Finalizado,Anual,0
220636.0,3,1,1,0,2,0,0,0,0,No tuvo,No Finalizado,Anual,0
220695.0,5,1,1,0,2,1,0,1,0,Hecha,No Finalizado,Anual,0
220699.0,13,7,3,4,3,1,0,2,0,Hecha,No Finalizado,Anual,0
220701.0,4,2,1,1,1,0,0,1,0,Hecha,No Finalizado,Anual,0
220705.0,3,2,1,1,0,1,0,0,0,No tuvo,No Finalizado,Anual,0
220764.0,2,0,0,0,0,1,0,1,0,Hecha,No Finalizado,Anual,0
220769.0,4,3,1,2,1,0,0,0,0,No tuvo,No Finalizado,Anual,0
220885.0,2,0,0,0,2,0,0,0,0,No tuvo,Finalizado,Anual,0
220895.0,3,0,0,0,0,1,0,2,0,Hecha,No Finalizado,Anual,0
220954.0,4,2,2,0,1,1,0,0,0,No tuvo,No Finalizado,Anual,0
221012.0,3,1,0,1,0,1,0,1,0,Hecha,No Finalizado,Anual,0
221053.0,8,1,1,0,6,0,0,1,0,Hecha,Finalizado,Mensual,0
221105.0,7,4,0,4,2,1,0,0,0,No tuvo,No Finalizado,Anual,0
221154.0,1,0,0,0,0,1,0,0,0,No tuvo,No Finalizado,Mensual,1
221167.0,1,0,0,0,0,1,0,0,0,No tuvo,No Finalizado,Anual,0
221307.0,1,0,0,0,0,1,0,0,0,No tuvo,No Finalizado,Otros,0
221368.0,3,0,0,0,1,1,0,0,1,Hecha,No Finalizado,Anual,0
221390.0,3,0,0,0,0,1,0,1,1,Hecha,No Finalizado,Anual,0
221486.0,4,1,1,0,1,1,0,0,1,Hecha,No Finalizado,Anual,0
221490.0,3,2,0,2,0,0,0,1,0,Hecha,No Finalizado,Anual,0
221498.0,1,0,0,0,0,1,0,0,0,No tuvo,No Finalizado,Anual,0
221624.0,4,1,1,0,1,1,0,0,1,Hecha,No Finalizado,Anual,0
221897.0,1,0,0,0,0,1,0,0,0,No tuvo,No Finalizado,Mensual,1
221976.0,7,2,1,1,4,1,0,0,0,No tuvo,Finalizado,Anual,0
222012.0,2,1,0,1,0,1,0,0,0,No tuvo,No Finalizado,Anual,0
222098.0,3,2,2,0,1,0,0,0,0,No tuvo,Finalizado,Anual,0
222105.0,1,0,0,0,0,1,0,0,0,No tuvo,No Finalizado,Anual,0
222469.0,5,2,1,1,3,0,0,0,0,No tuvo,No Finalizado,Mensual,1
222593.0,3,3,3,0,0,0,0,0,0,No tuvo,No Finalizado,Anual,0
222805.0,2,0,0,0,0,1,0,0,1,Hecha,No Finalizado,Anual,0
222847.0,13,2,2,0,11,0,0,0,0,No tuvo,No Finalizado,Anual,0
222853.0,4,2,2,0,1,0,0,0,1,Hecha,No Finalizado,Anual,0
223016.0,2,0,0,0,0,1,0,1,0,Hecha,No Finalizado,Anual,0
223050.0,11,3,3,0,8,0,0,0,0,No tuvo,No Finalizado,Anual,0
223110.0,8,0,0,0,8,0,0,0,0,No tuvo,Finalizado,Anual,0
223124.0,12,4,3,1,4,0,0,1,3,Hecha,No Finalizado,Mensual,1
223130.0,4,2,0,2,1,1,0,0,0,No tuvo,No Finalizado,Mensual,0
223187.0,2,1,0,1,0,1,0,0,0,No tuvo,No Finalizado,Anual,0
223301.0,5,3,0,3,1,1,0,0,0,No tuvo,No Finalizado,Anual,0
223399.0,8,1,1,0,3,1,0,3,0,Hecha,No Finalizado,Anual,0
223431.0,3,1,0,1,1,1,0,0,0,No tuvo,No Finalizado,Anual,0
223485.0,4,0,0,0,1,0,1,1,1,Hecha,No Finalizado,Anual,0
223727.0,18,10,1,9,8,0,0,0,0,No tuvo,No Finalizado,Anual,0
223868.0,13,3,1,2,7,0,0,3,0,Hecha,Finalizado,Mensual,0
224016.0,1,0,0,0,1,0,0,0,0,No tuvo,No Finalizado,Anual,0
224055.0,3,0,0,0,1,0,1,0,1,Hecha,No Finalizado,Anual,0
224266.0,6,2,0,2,0,1,0,3,0,Hecha,No Finalizado,Anual,0
224358.0,10,5,4,1,3,0,0,2,0,Hecha,Finalizado,Anual,0
224363.0,5,0,0,0,0,1,0,3,1,Hecha,No Finalizado,Anual,0
224492.0,2,0,0,0,0,1,0,1,0,Hecha,No Finalizado,Anual,0
224521.0,1,0,0,0,1,0,0,0,0,No tuvo,No Finalizado,Anual,0
224522.0,5,1,0,1,1,0,0,2,1,Hecha,No Finalizado,Anual,0
224596.0,3,3,2,1,0,0,0,0,0,No tuvo,No Finalizado,Anual,0
224601.0,6,1,1,0,5,0,0,0,0,No tuvo,No Finalizado,Anual,0
224688.0,4,1,1,0,0,1,0,2,0,Hecha,No Finalizado,Anual,0
224709.0,4,1,0,1,0,0,1,2,0,Hecha,No Finalizado,Mensual,1
224810.0,12,6,3,3,5,1,0,0,0,No tuvo,Finalizado,Anual,0
224879.0,4,2,0,2,0,1,0,0,1,Hecha,No Finalizado,Anual,0
224893.0,4,2,2,0,2,0,0,0,0,No tuvo,Finalizado,Anual,0
224934.0,2,1,1,0,0,0,0,1,0,Hecha,Finalizado,Anual,0
225102.0,6,2,2,0,1,0,1,1,1,Hecha,No Finalizado,Anual,0
225103.0,1,0,0,0,0,0,0,1,0,Hecha,No Finalizado,Anual,0
225418.0,5,0,0,0,1,0,0,2,2,Hecha,No Finalizado,Anual,0
225458.0,3,0,0,0,3,0,0,0,0,No tuvo,No Finalizado,Anual,0
225476.0,4,3,3,0,1,0,0,0,0,No tuvo,No Finalizado,Anual,0
225619.0,12,4,1,3,3,0,0,2,3,Hecha,No Finalizado,Anual,0
225683.0,1,0,0,0,1,0,0,0,0,No tuvo,No Finalizado,Mensual,0
225727.0,2,0,0,0,0,1,0,1,0,Hecha,No Finalizado,Anual,0
225760.0,5,2,2,0,0,0,0,1,2,Hecha,No Finalizado,Anual,0
225777.0,11,6,1,5,5,0,0,0,0,No tuvo,No Finalizado,Anual,0
225837.0,2,0,0,0,0,0,0,2,0,Hecha,No Finalizado,Anual,0
225882.0,2,1,1,0,1,0,0,0,0,No tuvo,No Finalizado,Anual,0
225921.0,2,0,0,0,1,0,0,1,0,Hecha,No Finalizado,Anual,0
226003.0,14,2,1,1,6,0,0,5,1,Hecha,No Finalizado,Anual,0
226064.0,4,0,0,0,0,0,0,4,0,Hecha,No Finalizado,Anual,0
226070.0,1,1,0,1,0,0,0,0,0,No tuvo,No Finalizado,Anual,0
226125.0,3,0,0,0,2,1,0,0,0,No tuvo,No Finalizado,Anual,0
226405.0,9,5,3,2,3,1,0,0,0,No tuvo,No Finalizado,Mensual,0
226653.0,2,0,0,0,0,0,0,2,0,Hecha,No Finalizado,Anual,0
226829.0,2,1,1,0,0,0,0,1,0,Hecha,No Finalizado,Anual,0
226883.0,3,0,0,0,0,0,0,2,1,Hecha,No Finalizado,Anual,0
227003.0,4,0,0,0,4,0,0,0,0,No tuvo,No Finalizado,Anual,0
227068.0,9,5,5,0,1,1,0,1,1,Hecha,No Finalizado,Anual,0
227111.0,8,3,1,2,3,0,0,2,0,Hecha,No Finalizado,Anual,0
227492.0,2,1,1,0,0,0,0,1,0,Hecha,No Finalizado,Anual,0
227544.0,19,12,1,11,6,0,0,1,0,Hecha,No Finalizado,Mensual,0
227560.0,2,1,1,0,1,0,0,0,0,No tuvo,No Finalizado,Anual,0
228019.0,3,1,1,0,0,1,0,0,1,Hecha,No Finalizado,Mensual,1
228230.0,2,1,0,1,0,1,0,0,0,No tuvo,Finalizado,Anual,0
228264.0,1,0,0,0,0,1,0,0,0,No tuvo,No Finalizado,Anual,0
228269.0,16,4,4,0,5,1,0,6,0,Hecha,No Finalizado,Anual,0
228306.0,12,2,1,1,5,1,0,3,1,Hecha,No Finalizado,Anual,0
228351.0,12,6,1,5,1,1,0,2,2,Hecha,No Finalizado,Anual,0
228428.0,9,7,2,5,0,0,0,0,2,Hecha,No Finalizado,Mensual,1
228641.0,4,2,1,1,1,0,0,1,0,Hecha,No Finalizado,Anual,0
228768.0,1,0,0,0,0,1,0,0,0,No tuvo,No Finalizado,Anual,0
229200.0,3,2,2,0,0,0,0,0,1,Hecha,No Finalizado,Mensual,1
229260.0,8,5,4,1,2,0,0,1,0,Hecha,No Finalizado,Anual,0
229633.0,10,3,3,0,6,0,0,1,0,Hecha,No Finalizado,Mensual,0
229727.0,1,1,1,0,0,0,0,0,0,No tuvo,No Finalizado,Mensual,1
229820.0,1,1,1,0,0,0,0,0,0,No tuvo,No Finalizado,Anual,0
229964.0,5,3,3,0,2,0,0,0,0,No tuvo,No Finalizado,Anual,0
229969.0,5,3,1,2,2,0,0,0,0,No tuvo,Finalizado,Anual,0
230099.0,3,1,1,0,0,1,0,1,0,Hecha,Finalizado,Anual,0
230134.0,5,0,0,0,1,1,0,2,1,Hecha,No Finalizado,Anual,0
230275.0,7,5,2,3,1,1,0,0,0,No tuvo,No Finalizado,Anual,0
230298.0,21,5,2,3,14,0,0,2,0,Hecha,Finalizado,Anual,0
230520.0,5,0,0,0,4,0,0,1,0,Hecha,No Finalizado,Anual,0
230523.0,8,6,2,4,2,0,0,0,0,No tuvo,No Finalizado,Mensual,1
230547.0,8,7,2,5,1,0,0,0,0,No tuvo,No Finalizado,Mensual,1
230579.0,11,1,1,0,9,0,0,1,0,Hecha,No Finalizado,Mensual,0
230605.0,1,1,1,0,0,0,0,0,0,No tuvo,No Finalizado,Anual,0
230839.0,7,4,2,2,0,1,0,1,1,Hecha,No Finalizado,Mensual,1
231137.0,7,2,1,1,5,0,0,0,0,No tuvo,No Finalizado,Anual,0
231203.0,4,1,1,0,0,0,0,3,0,Hecha,No Finalizado,Anual,0
231254.0,3,1,1,0,0,0,0,2,0,Hecha,No Finalizado,Anual,0
231328.0,37,20,7,13,17,0,0,0,0,No tuvo,No Finalizado,Anual,0
231344.0,2,2,1,1,0,0,0,0,0,No tuvo,No Finalizado,Anual,0
231468.0,12,6,2,4,6,0,0,0,0,No tuvo,No Finalizado,Mensual,0
231670.0,3,1,1,0,1,0,0,0,1,Hecha,No Finalizado,Anual,0
231700.0,1,0,0,0,0,0,0,1,0,Hecha,Finalizado,Anual,0
232058.0,6,1,1,0,5,0,0,0,0,No tuvo,No Finalizado,Mensual,0
232126.0,6,1,0,1,4,0,0,1,0,Hecha,Finalizado,Mensual,1
232135.0,7,6,1,5,1,0,0,0,0,No tuvo,No Finalizado,Mensual,1
232300.0,18,7,3,4,8,0,0,3,0,Hecha,Finalizado,Anual,0
232621.0,1,1,1,0,0,0,0,0,0,No tuvo,No Finalizado,Anual,0
232904.0,3,1,0,1,1,0,0,1,0,Hecha,Finalizado,Anual,0
232931.0,2,0,0,0,0,0,0,2,0,Hecha,Finalizado,Anual,0
233051.0,3,0,0,0,0,1,0,1,1,Hecha,No Finalizado,Anual,0
233230.0,6,4,1,3,2,0,0,0,0,No tuvo,Finalizado,Anual,0
233231.0,2,2,2,0,0,0,0,0,0,No tuvo,Finalizado,Anual,0
233267.0,2,1,1,0,1,0,0,0,0,No tuvo,Finalizado,Anual,0
233341.0,7,3,1,2,2,0,0,1,1,Hecha,No Finalizado,Mensual,1
233381.0,2,0,0,0,0,0,0,1,1,Hecha,Finalizado,Anual,0
233383.0,4,1,1,0,1,1,0,1,0,Hecha,Finalizado,Anual,0
233548.0,1,1,1,0,0,0,0,0,0,No tuvo,Finalizado,Anual,0
233551.0,5,1,1,0,4,0,0,0,0,No tuvo,Finalizado,Anual,0
233621.0,7,0,0,0,5,1,0,1,0,Hecha,Finalizado,Mensual,0
234292.0,4,1,0,1,3,0,0,0,0,No tuvo,Finalizado,Mensual,0
234417.0,2,0,0,0,0,1,0,0,1,Hecha,Finalizado,Anual,0
234441.0,11,3,1,2,6,1,0,1,0,Hecha,Finalizado,Mensual,0
234459.0,4,1,1,0,1,0,0,2,0,Hecha,Finalizado,Mensual,0
234789.0,1,0,0,0,1,0,0,0,0,No tuvo,No Finalizado,Mensual,0
234881.0,16,6,4,2,7,0,0,1,2,Hecha,Finalizado,Mensual,0
234896.0,5,0,0,0,5,0,0,0,0,No tuvo,Finalizado,Anual,0
234934.0,8,3,2,1,4,1,0,0,0,No tuvo,No Finalizado,Mensual,1
235177.0,8,3,0,3,2,0,1,2,0,Hecha,Finalizado,Mensual,0
235241.0,9,6,3,3,0,0,0,3,0,Hecha,Finalizado,Anual,0
235266.0,5,4,1,3,1,0,0,0,0,No tuvo,No Finalizado,Mensual,1
235389.0,11,6,3,3,5,0,0,0,0,No tuvo,Finalizado,Mensual,0
235475.0,12,4,3,1,8,0,0,0,0,No tuvo,Finalizado,Mensual,0
235593.0,58,24,7,17,18,0,1,7,8,Hecha,Finalizado,Mensual,0
235610.0,2,2,0,2,0,0,0,0,0,No tuvo,Finalizado,Anual,0
235627.0,13,2,0,2,10,0,0,0,1,Hecha,No Finalizado,Mensual,0
235628.0,5,3,3,0,0,0,0,1,1,Hecha,Finalizado,Anual,0
235720.0,17,8,6,2,6,0,0,3,0,Hecha,Finalizado,Mensual,0
235771.0,29,10,4,6,14,0,0,4,1,Hecha,Finalizado,Mensual,0
235799.0,1,0,0,0,0,0,0,1,0,Hecha,Finalizado,Anual,0
235871.0,13,5,5,0,6,0,0,1,1,Hecha,Finalizado,Mensual,0
236046.0,4,2,2,0,0,0,0,2,0,Hecha,No Finalizado,Anual,0
236136.0,4,3,0,3,1,0,0,0,0,No tuvo,Finalizado,Mensual,1
236336.0,2,1,1,0,0,0,0,1,0,Hecha,Finalizado,Anual,0
236340.0,1,0,0,0,0,1,0,0,0,No tuvo,Finalizado,Anual,0
236345.0,4,1,1,0,2,0,0,1,0,Hecha,Finalizado,Anual,0
236795.0,8,5,3,2,3,0,0,0,0,No tuvo,No Finalizado,Anual,0
236932.0,25,7,4,3,16,0,0,2,0,Hecha,Finalizado,Mensual,0
236948.0,6,1,0,1,5,0,0,0,0,No tuvo,Finalizado,Mensual,0
237139.0,11,3,1,2,8,0,0,0,0,No tuvo,Finalizado,Mensual,0
237149.0,29,15,6,9,13,0,0,1,0,Hecha,Finalizado,Mensual,0
237249.0,11,3,1,2,8,0,0,0,0,No tuvo,Finalizado,Mensual,0
237337.0,6,5,4,1,1,0,0,0,0,No tuvo,Finalizado,Mensual,0
237354.0,1,0,0,0,0,0,0,0,1,Hecha,Finalizado,Anual,0
237359.0,39,17,6,11,18,0,0,2,2,Hecha,Finalizado,Mensual,0
237370.0,14,8,0,8,5,0,0,1,0,Hecha,No Finalizado,Mensual,0
237502.0,4,1,1,0,3,0,0,0,0,No tuvo,Finalizado,Mensual,1
237584.0,6,3,2,1,2,0,0,1,0,Hecha,No Finalizado,Mensual,0
237803.0,8,3,2,1,5,0,0,0,0,No tuvo,Finalizado,Mensual,1
237947.0,18,8,1,7,9,0,0,1,0,Hecha,Finalizado,Mensual,0
238262.0,17,6,4,2,10,0,0,1,0,Hecha,Finalizado,Anual,0
238381.0,3,1,1,0,1,0,0,1,0,Hecha,Finalizado,Anual,0
238423.0,22,9,3,6,11,0,0,2,0,Hecha,Finalizado,Mensual,0
238555.0,2,0,0,0,1,0,0,1,0,Hecha,Finalizado,Anual,0
238775.0,10,1,0,1,9,0,0,0,0,No tuvo,Finalizado,Mensual,0
238849.0,3,1,1,0,0,1,0,1,0,Hecha,Finalizado,Anual,0
239325.0,12,2,1,1,8,0,0,2,0,Hecha,Finalizado,Mensual,0
239347.0,4,0,0,0,3,0,0,1,0,Hecha,Finalizado,Anual,0
239529.0,15,6,2,4,9,0,0,0,0,No tuvo,Finalizado,Anual,0
239828.0,26,10,5,5,15,0,0,1,0,Hecha,Finalizado,Mensual,0
239852.0,18,3,2,1,15,0,0,0,0,No tuvo,Finalizado,Mensual,0
239861.0,16,2,2,0,9,0,0,5,0,Hecha,Finalizado,Anual,0
239905.0,7,3,0,3,3,0,0,1,0,Hecha,Finalizado,Mensual,0
240051.0,12,4,3,1,8,0,0,0,0,No tuvo,Finalizado,Anual,0
240057.0,10,4,2,2,6,0,0,0,0,No tuvo,Finalizado,Mensual,0
240103.0,17,6,1,5,10,1,0,0,0,No tuvo,No Finalizado,Mensual,0
240136.0,21,8,1,7,12,1,0,0,0,No tuvo,Finalizado,Mensual,0
240174.0,7,2,1,1,4,0,0,1,0,Hecha,Finalizado,Anual,0
240279.0,8,1,1,0,7,0,0,0,0,No tuvo,Finalizado,Mensual,0
240334.0,26,15,3,12,10,0,0,1,0,Hecha,Finalizado,Mensual,0
240353.0,25,10,5,5,15,0,0,0,0,No tuvo,Finalizado,Mensual,0
240358.0,11,3,1,2,8,0,0,0,0,No tuvo,Finalizado,Anual,0
240413.0,15,3,1,2,10,1,0,1,0,Hecha,Finalizado,Mensual,0
240463.0,3,0,0,0,3,0,0,0,0,No tuvo,Finalizado,Anual,0
240464.0,9,3,0,3,6,0,0,0,0,No tuvo,Finalizado,Mensual,0
240472.0,5,1,1,0,4,0,0,0,0,No tuvo,Finalizado,Mensual,0
240480.0,1,1,1,0,0,0,0,0,0,No tuvo,No Finalizado,Anual,0
240485.0,6,4,1,3,1,1,0,0,0,No tuvo,Finalizado,Anual,0
240486.0,15,2,1,1,13,0,0,0,0,No tuvo,Finalizado,Mensual,0
240510.0,4,0,0,0,3,0,0,1,0,Hecha,Finalizado,Mensual,0
240557.0,9,0,0,0,8,0,0,1,0,Hecha,Finalizado,Anual,0
240704.0,2,0,0,0,1,0,0,1,0,Hecha,Finalizado,Anual,0
240898.0,16,8,0,8,6,0,0,2,0,Hecha,Finalizado,Anual,0
240933.0,18,5,4,1,11,0,0,2,0,Hecha,Finalizado,Mensual,0
241224.0,12,4,1,3,7,0,0,0,1,Hecha,Finalizado,Mensual,0
241449.0,17,2,2,0,11,0,0,4,0,Hecha,Finalizado,Mensual,0
241504.0,25,8,2,6,16,0,0,1,0,Hecha,Finalizado,Mensual,0
241594.0,12,8,2,6,4,0,0,0,0,No tuvo,Finalizado,Mensual,0
241793.0,4,0,0,0,1,1,0,2,0,Hecha,Finalizado,Anual,0
241813.0,4,0,0,0,2,1,0,1,0,Hecha,Finalizado,Mensual,0
241857.0,7,1,0,1,5,0,0,1,0,Hecha,Finalizado,Mensual,0
241862.0,10,8,2,6,2,0,0,0,0,No tuvo,Finalizado,Mensual,1
242023.0,1,0,0,0,0,0,0,1,0,Hecha,Finalizado,Mensual,0
242040.0,5,1,1,0,3,0,0,1,0,Hecha,Finalizado,Mensual,0
242076.0,17,8,1,7,9,0,0,0,0,No tuvo,Finalizado,Mensual,0
242091.0,4,1,0,1,3,0,0,0,0,No tuvo,Finalizado,Anual,0
242320.0,4,1,1,0,2,1,0,0,0,No tuvo,Finalizado,Anual,0
242538.0,11,2,2,0,9,0,0,0,0,No tuvo,Finalizado,Mensual,0
242590.0,9,5,1,4,3,0,0,1,0,Hecha,Finalizado,Mensual,0
242735.0,10,7,3,4,2,0,0,1,0,Hecha,No Finalizado,Anual,0
243018.0,14,2,2,0,8,1,0,1,2,Hecha,Finalizado,Mensual,1
243111.0,1,0,0,0,1,0,0,0,0,No tuvo,No Finalizado,Mensual,0
243117.0,3,0,0,0,3,0,0,0,0,No tuvo,Finalizado,Anual,0
243152.0,12,3,2,1,7,0,0,0,2,Hecha,Finalizado,Anual,0
243173.0,5,1,1,0,4,0,0,0,0,No tuvo,Finalizado,Mensual,0
243177.0,18,8,2,6,8,1,0,0,1,Hecha,Finalizado,Mensual,0
243510.0,2,0,0,0,2,0,0,0,0,No tuvo,Finalizado,Mensual,0
243554.0,1,0,0,0,0,1,0,0,0,No tuvo,Finalizado,Mensual,0
243650.0,16,6,0,6,9,0,0,1,0,Hecha,Finalizado,Mensual,0
243705.0,11,7,1,6,2,0,0,1,1,Hecha,No Finalizado,Mensual,0
243896.0,1,0,0,0,1,0,0,0,0,No tuvo,Finalizado,Mensual,0
243897.0,7,1,0,1,4,0,0,2,0,Hecha,Finalizado,Mensual,0
243907.0,5,2,2,0,3,0,0,0,0,No tuvo,Finalizado,Anual,0
243947.0,12,2,1,1,2,1,0,6,1,Hecha,No Finalizado,Anual,0
244105.0,2,0,0,0,1,0,0,1,0,Hecha,Finalizado,Mensual,0
244154.0,10,3,2,1,6,0,0,1,0,Hecha,No Finalizado,Mensual,0
244173.0,2,0,0,0,1,0,0,1,0,Hecha,Finalizado,Mensual,0
244384.0,2,0,0,0,1,1,0,0,0,No tuvo,No Finalizado,Mensual,0
244444.0,3,1,1,0,1,0,0,1,0,Hecha,Finalizado,Mensual,0
245287.0,3,0,0,0,1,1,0,1,0,Hecha,No Finalizado,Anual,0
